title;tome;serie;read;author;editor;isbn;release_date;cover_url;created_at\n
Le califat de Stockholm;1;12 septembre;true;Seiter, Gabrielli;Glénat;272348047X;2011-09-07 00:00:00 UTC;;2014-04-22 05:06:17 UTC
L'échange;1;Alpha;true;Jigounov, Renard;Lombard;2803614324;1999-03-03 00:00:00 UTC;;2014-04-22 05:06:17 UTC
Clan Bogdanov;2;Alpha;true;Jigounov, Renard;Lombard;2803614316;1999-03-03 00:00:00 UTC;;2014-04-22 05:06:17 UTC
Le salaire des loups;3;Alpha;true;Jigounov, Mythic;Lombard;2803614308;1999-03-03 00:00:00 UTC;;2014-04-22 05:06:17 UTC
La liste;4;Alpha;true;Jigounov, Mythic;Lombard;2810506221;2014-02-27 00:00:00 UTC;;2014-04-22 05:06:17 UTC
Sanctions;5;Alpha;true;Jigounov, Mythic;Lombard;2803614863;2000-09-30 00:00:00 UTC;;2014-04-22 05:06:17 UTC
L'émissaire;6;Alpha;true;Jigounov, Mythic;Lombard;2803616394;2002-04-15 00:00:00 UTC;;2014-04-22 05:06:17 UTC
Snow White, 30 secondes!;7;Alpha;true;Jigounov, Mythic;Lombard;2803618354;2003-10-25 00:00:00 UTC;;2014-04-22 05:06:17 UTC
Jeux de puissants;8;Alpha;true;Jigounov, Mythic;Lombard;2803620367;2004-11-01 00:00:00 UTC;;2014-04-22 05:06:17 UTC
Scala;9;Alpha;true;Jigounov, Mythic;Lombard;2803620944;2006-09-01 00:00:00 UTC;;2014-04-22 05:06:17 UTC
Mensonges;10;Alpha;true;Jigounov, Mythic;Lombard;2803622491;2007-05-10 00:00:00 UTC;;2014-04-22 05:06:17 UTC
Fuckin Patriot;11;Alpha;true;Jigounov;Lombard;2803624567;2009-09-10 00:00:00 UTC;;2014-04-22 05:06:17 UTC
Petit tour avec Malcom;12;Alpha;true;Jigounov;Lombard;2803627493;2013-08-29 00:00:00 UTC;;2014-04-22 05:06:17 UTC
Baptême de feu;1;Alpha - premières armes;true;Loutte, Herzet;Lombard;2803626268;;;2014-04-22 05:06:17 UTC
@enfer.zcom;1;Alvin norge;true;Chris Lamquet;Lombard;B00IPCAXAC;2010-03-26 00:00:00 UTC;;2014-04-22 05:06:17 UTC
Morphing amer;2;Alvin norge;true;Chris Lamquet;Lombard;2803616246;2003-09-06 00:00:00 UTC;;2014-04-22 05:06:17 UTC
Lucyber;3;Alvin norge;true;Chris Lamquet;Lombard;2803617722;2003-09-06 00:00:00 UTC;;2014-04-22 05:06:17 UTC
Shangaï hypothese;4;Alvin norge;true;Chris Lamquet;Lombard;2803618907;2003-09-08 00:00:00 UTC;;2014-04-22 05:06:17 UTC
Quantum;5;Alvin norge;true;Chris Lamquet;Lombard;2803619989;2005-04-01 00:00:00 UTC;;2014-04-22 05:06:17 UTC
Fuckin'day;1;Angeline;true;Blondieau, Summer, Goethals, Astier;Soleil;2849465070;2006-05-18 00:00:00 UTC;;2014-04-22 05:06:17 UTC
Mississippi Queen;2;Angeline;true;Blondieau, Summer, Fino, Arilla;Soleil;284946290X;2005-10-01 00:00:00 UTC;;2014-04-22 05:06:17 UTC
White christmas;3;Angeline;true;Blondieau, Summer, Fino;Soleil;2849464546;2006-05-18 00:00:00 UTC;;2014-04-22 05:06:17 UTC
Memphis, Tennessee;4;Angeline;true;Blondieau, Summer, Fino;Soleil;284946726X;2007-02-14 00:00:00 UTC;;2014-04-22 05:06:17 UTC
Dix mille ans sous les glaces;1;Arctica;true;Pecqueur, Kovacevic, Schelle;Delcourt;2756000442;;;2014-04-22 05:06:17 UTC
Mystère sous la mer;2;Arctica;true;Pecqueur, Kovacevic, Schelle;Delcourt;2756011223;2008-09-10 00:00:00 UTC;;2014-04-22 05:06:17 UTC
Le passager de la préhistoire;3;Arctica;true;Pecqueur, Kovacevic, Schelle;Delcourt;2756016926;2009-11-18 00:00:00 UTC;;2014-04-22 05:06:17 UTC
Révélations;4;Arctica;true;Pecqueur, Kovacevic, Schelle;Delcourt;2756020729;2010-12-01 00:00:00 UTC;;2014-04-22 05:06:17 UTC
Destination terre;5;Arctica;true;Pecqueur, Kovacevic, Schelle;Delcourt;2756026913;2013-02-20 00:00:00 UTC;;2014-04-22 05:06:17 UTC
Desmond;1;Assassin's creed;true;Corbeyran, Defali;Les deux royaumes;2918771007;2009-11-11 00:00:00 UTC;;2014-04-22 05:06:18 UTC
Niveau 1 : tome 1;1;Back world;true;Corbeyran, Rollin;Glénat;272345214X;2007-08-22 00:00:00 UTC;;2014-04-22 05:06:18 UTC
Niveau 2 : tome 2;2;Back world;true;Corbeyran, Rollin;Glénat;2723460711;2008-10-01 00:00:00 UTC;;2014-04-22 05:06:18 UTC
Niveau 3 : tome 3;3;Back world;true;Corbeyran, Rollin;Glénat;2723465985;;;2014-04-22 05:06:18 UTC
Saison 1 : tome 1;1;Black Op;true;Desberg, Labiano;Dargaud;2205054910;;;2014-04-22 05:06:18 UTC
Saison 1 : tome 2;2;Black Op;true;Desberg, Labiano;Dargaud;2205056875;2006-02-17 00:00:00 UTC;;2014-04-22 05:06:18 UTC
Saison 1 : Tome 3;3;Black Op;true;Desberg, Labiano;Dargaud;2205058789;2007-03-15 00:00:00 UTC;;2014-04-22 05:06:18 UTC
Saison 1 : Tome 4;4;Black Op;true;Desberg, Labiano;Dargaud;2205060252;2008-04-04 00:00:00 UTC;;2014-04-22 05:06:18 UTC
Saison 1 : Tome 5;5;Black Op;true;Desberg, Labiano;Dargaud;2205062123;2009-04-03 00:00:00 UTC;;2014-04-22 05:06:18 UTC
Saison 1 : Tome 6;6;Black Op;true;Desberg, Labiano;Dargaud;2205063200;2010-01-21 00:00:00 UTC;;2014-04-22 05:06:18 UTC
Saison 2 : tome 7;7;Black Op;true;Desberg, Labiano;Dargaud;2205071750;2014-01-23 00:00:00 UTC;;2014-04-22 05:06:18 UTC
L'enfer, le silence;4;Blacksad;true;Diaz Canales, Guarnido;Dargaud;2205063138;2010-09-16 00:00:00 UTC;;2014-04-22 05:06:18 UTC
Le premier assassin;1;Cassio;true;Desberg, Reculé;Lombard;2803624230;;;2014-04-22 05:06:18 UTC
Le deuxième coup;2;Cassio;true;Desberg, Reculé;Lombard;2803624044;2009-03-06 00:00:00 UTC;;2014-04-22 05:06:18 UTC
La troisième plaie;3;Cassio;true;Desberg, Reculé;Lombard;2803625679;;;2014-04-22 05:06:18 UTC
Le dernier sang;4;Cassio;true;Desberg, Reculé;Lombard;2803626292;2010-04-01 00:00:00 UTC;;2014-04-22 05:06:18 UTC
Le chemin de rome;5;Cassio;true;Desberg, Reculé;Lombard;2803629836;2012-04-13 00:00:00 UTC;;2014-04-22 05:06:18 UTC
L'appel de la souffrance;6;Cassio;true;Desberg, Reculé;Lombard;2803630540;2012-06-15 00:00:00 UTC;;2014-04-22 05:06:18 UTC
Le réveil d'une déesse;7;Cassio;true;Desberg, Reculé;Lombard;280363208X;2013-05-24 00:00:00 UTC;;2014-04-22 05:06:18 UTC
Tome 1;1;De sang froid;true;Mariolle, Duarte, Miki;Grand angle;2915309299;2004-07-01 00:00:00 UTC;;2014-04-22 05:06:18 UTC
Lili;1;District 77;true;Denys, Dugand;Lombard;2803621908;2006-10-19 00:00:00 UTC;;2014-04-22 05:06:18 UTC
Furiani vendetta;2;District 77;true;Denys, Dugand;Lombard;2803623072;2008-02-01 00:00:00 UTC;;2014-04-22 05:06:18 UTC
Big-boss requiem;3;District 77;true;Denys, Dugand;Lombard;2803625059;2009-02-20 00:00:00 UTC;;2014-04-22 05:06:18 UTC
La favorite;1;Djinn;true;Dufaux, Miralles;Dargaud;2871293465;2004-10-16 00:00:00 UTC;;2014-04-22 05:06:18 UTC
Les 30 clochettes;2;Djinn;true;Dufaux, Miralles;Dargaud;2871294518;;;2014-04-22 05:06:18 UTC
Le tatouage;3;Djinn;true;Dufaux, Miralles;Dargaud;2871295425;2004-07-15 00:00:00 UTC;;2014-04-22 05:06:18 UTC
Le trésor;4;Djinn;true;Dufaux, Miralles;Dargaud;287129674X;2004-10-16 00:00:00 UTC;;2014-04-22 05:06:18 UTC
Africa;5;Djinn;true;Dufaux, Miralles;Dargaud;8498146097;2006-03-24 00:00:00 UTC;;2014-04-22 05:06:18 UTC
La perle noire;6;Djinn;true;Dufaux, Miralles;Dargaud;2505000174;2006-11-01 00:00:00 UTC;;2014-04-22 05:06:18 UTC
Pipiktu;7;Djinn;true;Dufaux, Miralles;Dargaud;8498477301;2008-08-29 00:00:00 UTC;;2014-04-22 05:06:18 UTC
Fièvres;8;Djinn;true;Dufaux, Miralles;Dargaud;2505004633;2008-11-21 00:00:00 UTC;;2014-04-22 05:06:18 UTC
Le roi gorille;9;Djinn;true;Dufaux, Miralles;Dargaud;250500580X;2009-06-11 00:00:00 UTC;;2014-04-22 05:06:18 UTC
Le pavillon des plaisirs;10;Djinn;true;Dufaux, Miralles;Dargaud;2505009724;2010-11-11 00:00:00 UTC;;2014-04-22 05:06:18 UTC
Une eternelle jeunesse;11;Djinn;true;Dufaux, Miralles;Dargaud;2505011486;;;2014-04-22 05:06:18 UTC
Le tentateur;1;Enchaînés;true;Callede, Gihef;Vents d'ouest;2749305888;2010-10-06 00:00:00 UTC;;2014-04-22 05:06:18 UTC
Le corrupteur;2;Enchaînés;true;Callede, Gihef;Vents d'ouest;2749305896;2010-10-06 00:00:00 UTC;;2014-04-22 05:06:18 UTC
Energy business;1;Egide;true;Weytens, Rodier;Impact;2756004472;2008-02-27 00:00:00 UTC;;2014-04-22 05:06:18 UTC
African power;2;Egide;true;Weytens, Morrissette;Impact;2756006017;2008-03-13 00:00:00 UTC;;2014-04-22 05:06:18 UTC
La passagère du capricorne;1;El nino;true;Perrissin, Pavlovic;Les humanoÏdes associés;2731618752;2006-06-07 00:00:00 UTC;;2014-04-22 05:06:18 UTC
Rio Guyas;2;El nino;true;Perrissin, Pavlovic;Les humanoÏdes associés;2731662522;2003-06-25 00:00:00 UTC;;2014-04-22 05:06:18 UTC
L'archipel des Badjos;3;El nino;true;Perrissin, Pavlovic;Les humanoÏdes associés;2731663502;;;2014-04-22 05:06:18 UTC
Les oubliées de Kra;4;El nino;true;Perrissin, Pavlovic;Les humanoÏdes associés;2731616652;2005-09-01 00:00:00 UTC;;2014-04-22 05:06:18 UTC
Le paria de Célèbes;5;El nino;true;Perrissin, Pavlovic;Les humanoÏdes associés;2731616660;;;2014-04-22 05:06:18 UTC
Lady Crown;1;Ellis group;true;Latour, Griffo;Lombard;2803621932;2006-10-19 00:00:00 UTC;;2014-04-22 05:06:18 UTC
Sax;2;Ellis group;true;Latour, Griffo;Lombard;2803622882;2008-02-15 00:00:00 UTC;;2014-04-22 05:06:18 UTC
Sandmen;3;Ellis group;true;Latour, Griffo;Lombard;2803625040;2009-02-20 00:00:00 UTC;;2014-04-22 05:06:18 UTC
Tome 1;1;L'étoile du désert;true;Marini, Desberg;Dargaud;2505008221;2010-11-25 00:00:00 UTC;;2014-04-22 05:06:18 UTC
Tome 2;2;L'étoile du désert;true;Marini, Desberg;Dargaud;2505015929;2012-05-04 00:00:00 UTC;;2014-04-22 05:06:18 UTC
L'étoile du gitan;1;Gipsy;true;Marini, Smolderen;Dargaud;2882570333;1996-06-07 00:00:00 UTC;;2014-04-22 05:06:18 UTC
Les feux de Sibérie;2;Gipsy;true;Marini, Smolderen;Dargaud;2882570341;1996-06-07 00:00:00 UTC;;2014-04-22 05:06:18 UTC
Le jour du tsar;3;Gipsy;true;Marini, Smolderen;Dargaud;2882570465;1999-09-06 00:00:00 UTC;;2014-04-22 05:06:18 UTC
Les yeux noirs;4;Gipsy;true;Marini, Smolderen;Dargaud;2882570384;1997-05-13 00:00:00 UTC;;2014-04-22 05:06:18 UTC
L'aile blanche;5;Gipsy;true;Marini, Smolderen;Dargaud;2882570430;1999-04-29 00:00:00 UTC;;2014-04-22 05:06:18 UTC
Le rire Aztèque;6;Gipsy;true;Marini, Smolderen;Dargaud;2882570678;2002-05-04 00:00:00 UTC;;2014-04-22 05:06:18 UTC
Pilleurs d'épaves;1;Golden city;true;Pecqueur, Malfin, Schelle & Rosa;Delcourt;2840552612;2004-01-01 00:00:00 UTC;;2014-04-22 05:06:18 UTC
Banks contre Banks;2;Golden city;true;Pecqueur, Malfin, Schelle & Rosa;Delcourt;2840554291;2002-04-30 00:00:00 UTC;;2014-04-22 05:06:18 UTC
Nuit polaire;3;Golden city;true;Pecqueur, Malfin, Schelle & Rosa;Delcourt;B004Z50LB4;2001-01-01 00:00:00 UTC;http://ecx.images-amazon.com/images/I/51YM7DHTG9L._.jpg;2014-04-22 05:06:18 UTC
Goldy;4;Golden city;true;Pecqueur, Malfin, Schelle & Rosa;Delcourt;2840556642;2002-03-18 00:00:00 UTC;;2014-04-22 05:06:18 UTC
Le dossier Harrisson;5;Golden city;true;Pecqueur, Malfin, Schelle & Rosa;Delcourt;2840559315;2003-09-19 00:00:00 UTC;;2014-04-22 05:06:18 UTC
Jessica;6;Golden city;true;Pecqueur, Malfin, Schelle & Rosa;Delcourt;2847893016;2005-09-07 00:00:00 UTC;;2014-04-22 05:06:18 UTC
Les enfants perdus;7;Golden city;true;Pecqueur, Malfin, Schelle & Rosa;Delcourt;2756004901;2007-11-21 00:00:00 UTC;;2014-04-22 05:06:18 UTC
Les naufragés des abysses;8;Golden city;true;Pecqueur, Malfin, Schelle;Delcourt;2756017337;2009-12-02 00:00:00 UTC;;2014-04-22 05:06:18 UTC
L'énigme Banks;9;Golden city;true;Pecqueur, Malfin, Schelle;Delcourt;2756025186;2011-11-23 00:00:00 UTC;;2014-04-22 05:06:18 UTC
Orbite terrestre basse;10;Golden city;true;Pecqueur, Malfin, Schelle;Delcourt;2756037575;2013-11-20 00:00:00 UTC;;2014-04-22 05:06:18 UTC
Daytona;1;Golden cup;true;Pecqueur, Henriet, Schelle & Rosa;Delcourt;2840558505;2003-09-19 00:00:00 UTC;;2014-04-22 05:06:18 UTC
500 mille chevaux;2;Golden cup;true;Pecqueur, Henriet, Schelle & Rosa;Delcourt;2847893008;2004-11-17 00:00:00 UTC;;2014-04-22 05:06:18 UTC
Des loups dans la spéciale;3;Golden cup;true;Pecqueur, Henriet, Schelle;Delcourt;2756000108;2006-09-20 00:00:00 UTC;;2014-04-22 05:06:18 UTC
La fille de la toundra;4;Golden cup;true;Pecqueur, Henriet, Schelle;Delcourt;2756009636;2008-03-13 00:00:00 UTC;;2014-04-22 05:06:18 UTC
Le baiser du dragon;5;Golden cup;true;Pecqueur, Henriet, Usagi;Delcourt;275601057X;2010-10-06 00:00:00 UTC;;2014-04-22 05:06:18 UTC
La psychanalyse de l'oubli;1;Groom lake;true;Jean Jacques Dzialowski, Hervé Richez;Grand angle;2350780473;2006-04-19 00:00:00 UTC;http://ecx.images-amazon.com/images/I/51DF2PEP1HL._.jpg;2014-04-22 05:06:18 UTC
Avalon;1;HK;true;Morvan, Herault;Glénat;2723439453;2004-05-05 00:00:00 UTC;;2014-04-22 05:06:18 UTC
Cycle 1 vol. 2;2;HK;true;Morvan, Herault;Glénat;2723439461;2005-01-26 00:00:00 UTC;;2014-04-22 05:06:18 UTC
Cycle 1 vol. 3;3;HK;true;Morvan, Herault;Glénat;272343947X;;;2014-04-22 05:06:18 UTC
Cycle 1 vol. 4;4;HK;true;Morvan, Herault;Glénat;2723439488;;;2014-04-22 05:06:18 UTC
L'empire de Monsieur Joseph;1;Il était une fois en France;true;Nury, Vallée;Glénat;2723455807;2010-12-01 00:00:00 UTC;;2014-04-22 05:06:18 UTC
Le vol noir des corbeaux;2;Il était une fois en France;true;Nury, Vallée;Glénat;2723461831;;;2014-04-22 05:06:18 UTC
Honneur et police;3;Il était une fois en France;true;Nury, Vallée;Glénat;2723468739;;;2014-04-22 05:06:18 UTC
Aux armes citoyens;4;Il était une fois en France;true;Nury, Vallée;Glénat;2723479145;;;2014-04-22 05:06:18 UTC
Le petit juge de Melun;5;Il était une fois en France;true;Nury, Vallée;Glénat;2723483584;;;2014-04-22 05:06:18 UTC
La terre promise;6;Il était une fois en France;true;Nury, Vallée;Glénat;2723484998;;;2014-04-22 05:06:19 UTC
Guérilla tchétchène;1;Insiders;true;Bartoll, Garreta;Dargaud;2205053728;2003-05-31 00:00:00 UTC;;2014-04-22 05:06:19 UTC
Opération offshore;2;Insiders;true;Bartoll, Garreta;Dargaud;2205057685;2005-05-20 00:00:00 UTC;;2014-04-22 05:06:19 UTC
Missiles pour Islamabad;3;Insiders;true;Bartoll, Garreta;Dargaud;2205055569;2005-05-20 00:00:00 UTC;;2014-04-22 05:06:19 UTC
Le piège Afghan;4;Insiders;true;Bartoll, Garreta;Dargaud;2205056581;2005-06-03 00:00:00 UTC;;2014-04-22 05:06:19 UTC
OPA sur le Kremlin;5;Insiders;true;Bartoll, Garreta;Dargaud;2205057618;;;2014-04-22 05:06:19 UTC
Destination goulag;6;Insiders;true;Bartoll, Garreta;Dargaud;2205059629;2007-12-06 00:00:00 UTC;;2014-04-22 05:06:19 UTC
Les dragons de Pékin;7;Insiders;true;Bartoll, Garreta;Dargaud;2205062336;2009-03-12 00:00:00 UTC;;2014-04-22 05:06:19 UTC
Le prince rouge;8;Insiders;true;Bartoll, Garreta;Dargaud;2205062816;2009-11-27 00:00:00 UTC;;2014-04-22 05:06:19 UTC
L'affaire Patrice Hellers;1;Interpol;true;Dupré, Alcante;Dupuis;280014758X;2010-09-23 00:00:00 UTC;;2014-04-22 05:06:19 UTC
La voie fiscale;1;I.R.$;true;Vrancken, Desberg;Lombard;2803613964;2000-02-18 00:00:00 UTC;;2014-04-22 05:06:19 UTC
La strategie Hagen;2;I.R.$;true;Vrancken, Desberg;Lombard;2810506124;2014-01-02 00:00:00 UTC;;2014-04-22 05:06:19 UTC
Blue Ice;3;I.R.$;true;Vrancken, Desberg;Lombard;2803627000;2010-06-25 00:00:00 UTC;;2014-04-22 05:06:19 UTC
Narcocratie;4;I.R.$;true;Vrancken, Desberg;Lombard;2803617501;2003-05-03 00:00:00 UTC;;2014-04-22 05:06:19 UTC
Silica inc.;5;I.R.$;true;Vrancken, Desberg;Lombard;B00BPZWDBI;2013-02-11 00:00:00 UTC;;2014-04-22 05:06:19 UTC
Le corrupteur;6;I.R.$;true;Vrancken, Desberg;Lombard;B00BPZTUPK;2013-02-11 00:00:00 UTC;;2014-04-22 05:06:19 UTC
Corporate America;7;I.R.$;true;Vrancken, Desberg;Lombard;2803620715;;;2014-04-22 05:06:19 UTC
La guerre noire;8;I.R.$;true;Vrancken, Desberg;Lombard;2803621533;2006-06-02 00:00:00 UTC;;2014-04-22 05:06:19 UTC
Liaisons romaines;9;I.R.$;true;Vrancken, Desberg;Lombard;2803622629;2007-05-03 00:00:00 UTC;;2014-04-22 05:06:19 UTC
La loge des assassins;10;I.R.$;true;Vrancken, Desberg;Lombard;2803627035;;;2014-04-22 05:06:19 UTC
Le chemin de Gloria;11;I.R.$;true;Vrancken, Desberg;Lombard;2803625253;;;2014-04-22 05:06:19 UTC
Au nom du président;12;I.R.$;true;Vrancken, Desberg;Lombard;2803626349;;;2014-04-22 05:06:19 UTC
L'or de yamashita;13;I.R.$;true;Vrancken, Desberg;Lombard;2803628198;;;2014-04-22 05:06:19 UTC
Les survivants de Nankin;14;I.R.$;true;Vrancken, Desberg;Lombard;2803630621;;;2014-04-22 05:06:19 UTC
Antonia;1;I.R.$ All Watcher;true;Queireix, Desberg;Lombard;2803625350;;;2014-04-22 05:06:19 UTC
La nébuleuse Roxana;2;I.R.$ All Watcher;true;Koller, Desberg;Lombard;2803626640;;;2014-04-22 05:06:19 UTC
Petra;3;I.R.$ All Watcher;true;Queireix, Desberg;Lombard;2803626241;;;2014-04-22 05:06:19 UTC
La spirale Mc Parnell;4;I.R.$ All Watcher;true;Mutti, Desberg;Lombard;280362625X;2010-06-24 00:00:00 UTC;;2014-04-22 05:06:19 UTC
Mia Maï;5;I.R.$ All Watcher;true;Bourgne, Desberg;Lombard;2803627485;2010-11-04 00:00:00 UTC;;2014-04-22 05:06:19 UTC
La théorie des cordes fiscales;6;I.R.$ All Watcher;true;Desberg, Koller;Lombard;2803627949;2011-02-17 00:00:00 UTC;;2014-04-22 05:06:19 UTC
Camden rock;1;James Healer;true;Swolfs, De Vita;Lombard;2803616661;;;2014-04-22 05:06:19 UTC
La nuit du cobra;2;James Healer;true;Swolfs, De Vita;Lombard;2803618451;;;2014-04-22 05:06:19 UTC
La montagne sacrée;3;James Healer;true;Swolfs, De Vita;Lombard;2803619873;;;2014-04-22 05:06:19 UTC
La Mandragore ; Le Cénacle;1;La loi des 12 tables;true;Corbeyran, Defali, Perubros;Delcourt;2847898271;2006-02-02 00:00:00 UTC;;2014-04-22 05:06:19 UTC
L'accusation ; La nuit de Walpurgis;2;La loi des 12 tables;true;Corbeyran, Defali, Perubros;Delcourt;2756001554;;;2014-04-22 05:06:19 UTC
Récit 5 - mai : La cicatrice ; Récit 6 - juin : Magie blanche, magie noire;3;La loi des 12 tables;true;Corbeyran, Defali, Perubros;Delcourt;2756001880;;;2014-04-22 05:06:19 UTC
Récit VII - Juillet, Réminiscences , Récit VIII - août, L'Egrégore;4;La loi des 12 tables;true;Corbeyran, Defali, Perubros;Delcourt;2756002968;;;2014-04-22 05:06:19 UTC
Le masque;5;La loi des 12 tables;true;Corbeyran, Defali, Perubros;Delcourt;2756003360;;;2014-04-22 05:06:19 UTC
L'art notoire;6;La loi des 12 tables;true;Corbeyran, Defali, Perubros;Delcourt;2756003387;;;2014-04-22 05:06:19 UTC
Les portes de l'Antartique;1;Lancaster;true;Bec, Dziakowski;Glénat;2723486323;;http://ecx.images-amazon.com/images/I/51Eq%2B5dD%2B%2BL._.jpg;2014-04-22 05:06:19 UTC
Tome 1: l'impact;1;La métaphore du papillon;true;Toshy & Pernoud;Grand angle;2915309191;;;2014-04-22 05:06:19 UTC
Tome 2: chaos;2;La métaphore du papillon;true;Toshy & Pernoud;Grand angle;291530985X;;;2014-04-22 05:06:19 UTC
Tome 3: statistiquement vôtre!;3;La métaphore du papillon;true;Toshy & Pernoud;Grand angle;2350781224;;;2014-04-22 05:06:19 UTC
Mer noire;17;Largo Winch;true;Francq, Van Hamme;Dupuis;2800159618;;;2014-04-22 05:06:19 UTC
La lame et le vent;1;La voie du samouraï;true;Ron Marz, Bart Sears;Semic album;2848570385;;;2014-04-22 05:06:19 UTC
Projet Sherwood;1;L'arche;true;Felix, Malie, Rieu;Soleil;2749306361;;;2014-04-22 05:06:19 UTC
Frankestein;2;L'arche;true;Felix, Malie, Rieu;Soleil;274930637X;;;2014-04-22 05:06:19 UTC
Saison 1, tome 1 : Ombres;1;Le champ des stryges;true;Corbeyran, Guerineau, Merlet;Delcourt;2847895396;;;2014-04-22 05:06:19 UTC
Saison 1, tome 2 : Pièges;2;Le champ des stryges;true;Corbeyran, Guerineau, Merlet;Delcourt;284789540X;;;2014-04-22 05:06:19 UTC
Saison 1, tome 3 : Emprises;3;Le champ des stryges;true;Corbeyran, Guerineau, Merlet;Delcourt;2847895469;;;2014-04-22 05:06:19 UTC
Saison 1, tome 4 : Expériences;4;Le champ des stryges;true;Corbeyran, Guerineau, Merlet;Delcourt;2847895477;;;2014-04-22 05:06:19 UTC
Saison 1, tome 5 : Vestiges;5;Le champ des stryges;true;Corbeyran, Guerineau, Ruby;Delcourt;2847896139;;;2014-04-22 05:06:19 UTC
Saison 1, tome 6 : Existences;6;Le champ des stryges;true;Corbeyran, Guerineau, Ruby;Delcourt;2847896147;;;2014-04-22 05:06:19 UTC
Saison 2, tome 7 : Rencontres;7;Le champ des stryges;true;Corbeyran, Guerineau, Ruby;Delcourt;2847894845;;;2014-04-22 05:06:19 UTC
Saison 2, tome 8 : Défis;8;Le champ des stryges;true;Corbeyran, Guerineau, Ruby;Delcourt;2847894608;;;2014-04-22 05:06:19 UTC
Saison 2, tome 9 : Révélations;9;Le champ des stryges;true;Corbeyran, Guerineau, Favrelle;Delcourt;2847898328;;;2014-04-22 05:06:19 UTC
Saison 2, tome 10 : Manipulations;10;Le champ des stryges;true;Corbeyran, Guerineau, Favrelle;Delcourt;2756002682;;;2014-04-22 05:06:19 UTC
Saison 2, tome 11 : Cellules;11;Le champ des stryges;true;Corbeyran, Guerineau, Favrelle;Delcourt;2756005762;;;2014-04-22 05:06:19 UTC
Saison 2, tome 12 : Chutes;12;Le champ des stryges;true;Corbeyran, Guerineau, Hedon;Delcourt;2756011789;;;2014-04-22 05:06:19 UTC
La marque du diable;1;Le scorpion;true;Marini, Desberg;Dargaud;250501017X;;;2014-04-22 05:06:19 UTC
Le secret du pape;2;Le scorpion;true;Marini, Desberg;Dargaud;2505016755;;;2014-04-22 05:06:19 UTC
La croix de pierre;3;Le scorpion;true;Marini, Desberg;Dargaud;2871294631;;;2014-04-22 05:06:19 UTC
Le demon au Vatican;4;Le scorpion;true;Marini, Desberg;Dargaud;2871295700;;;2014-04-22 05:06:19 UTC
La vallée sacrée;5;Le scorpion;true;Marini, Desberg;Dargaud;2871296774;;;2014-04-22 05:06:19 UTC
Le trésor du temple;6;Le scorpion;true;Marini, Desberg;Dargaud;2871297606;;;2014-04-22 05:06:19 UTC
Au nom du père;7;Le scorpion;true;Marini, Desberg;Dargaud;2505000182;;;2014-04-22 05:06:19 UTC
Le procès scorpion (HS);0;Le scorpion;true;Marini, Desberg;Dargaud;2505002398;2007-10-18 00:00:00 UTC;;2014-04-22 05:06:19 UTC
L'ombre de l'ange;8;Le scorpion;true;Marini, Desberg;Dargaud;2505004749;;;2014-04-22 05:06:19 UTC
Le masque de la vérité;9;Le scorpion;true;Marini, Desberg;Dargaud;2505009147;;;2014-04-22 05:06:19 UTC
Au nom du fils;10;Le scorpion;true;Marini, Desberg;Dargaud;2505015031;;;2014-04-22 05:06:19 UTC
Livre I;1;Les aigles de rome;true;Marini;Dargaud;B00BPYX9JY;;;2014-04-22 05:06:19 UTC
Livre II;2;Les aigles de rome;true;Marini;Dargaud;2505006768;;;2014-04-22 05:06:19 UTC
Livre III;3;Les aigles de rome;true;Marini;Dargaud;2505011516;;;2014-04-22 05:06:19 UTC
Livre IV;4;Les aigles de rome;true;Marini;Dargaud;2505017972;;;2014-04-22 05:06:19 UTC
Uma;1;Les éternels;true;Yann, Meynet;Dargaud;2205053000;;;2014-04-22 05:06:19 UTC
Mira;2;Les éternels;true;Yann, Meynet;Dargaud;2205054740;;;2014-04-22 05:06:19 UTC
Le diamant d'Abraham;3;Les éternels;true;Yann, Meynet;Dargaud;2205056522;;;2014-04-22 05:06:19 UTC
Live war heroes;1;Live war heroes;true;David, Bourgier;Soleil;B005CYYY2O;;http://ecx.images-amazon.com/images/I/51LU2U1d4sL._.jpg;2014-04-22 05:06:19 UTC
D'ombres & de lumieres;1;Marshall;true;Filippi, Tello;Les humanoÎdes associés;2731661550;;;2014-04-22 05:06:19 UTC
Maître Hisaya;2;Marshall;true;Filippi, Tello;Les humanoÎdes associés;2731662727;;;2014-04-22 05:06:19 UTC
London running;1;Matt peterson;true;Bollée, Delitte;Casterman;2203057947;;;2014-04-22 05:06:19 UTC
Mauvais genre;1;Mauvais genre;true;Chloé Cruchadet;Delcourt;2756039713;;;2014-04-22 05:06:19 UTC
Le sang des anges;1;Morea;true;Arleston, Labrosse;Soleil;2302015150;;;2014-04-22 05:06:19 UTC
L'échine du dragon;2;Morea;true;Arleston, Labrosse;Soleil;2302015169;;;2014-04-22 05:06:19 UTC
Le feu du temps;3;Morea;true;Arleston, Labrosse;Soleil;2302015177;;;2014-04-22 05:06:19 UTC
Un parfum d'éternité;4;Morea;true;Arleston, Latil, Labrosse;Soleil;2302015185;;;2014-04-22 05:06:19 UTC
Denver;1;Nova Genesis;true;Boissiere, Chabbert;Glénat;2723441024;;;2014-04-22 05:06:20 UTC
Grand canyon;2;Nova Genesis;true;Boissiere, Chabbert;Glénat;2723445011;;;2014-04-22 05:06:20 UTC
Libre espace;3;Nova Genesis;true;Boissiere, Chabbert;Glénat;2723449076;;;2014-04-22 05:06:20 UTC
Le cycle de l'eau;1;Okko;true;Hub;Delcourt;2847891641;;;2014-04-22 05:06:20 UTC
Le cycle de l'eau 2;2;Okko;true;Hub;Delcourt;2756000590;;;2014-04-22 05:06:20 UTC
Le cycle de la terre;3;Okko;true;Hub;Delcourt;2756003204;;;2014-04-22 05:06:20 UTC
Le cycle de la terre 2;4;Okko;true;Hub;Delcourt;2756008672;;;2014-04-22 05:06:20 UTC
Le cycle de l'air 1;5;Okko;true;Hub;Delcourt;2756015857;;;2014-04-22 05:06:20 UTC
Le cycle de l'air 2;6;Okko;true;Hub;Delcourt;2756019860;;;2014-04-22 05:06:20 UTC
Le cycle du feu 1;7;Okko;true;Hub;Delcourt;2756024368;2011-10-12 00:00:00 UTC;;2014-04-22 05:06:20 UTC
Le cycle du feu 2;8;Okko;true;Hub;Delcourt;2756024376;;;2014-04-22 05:06:20 UTC
L'orgueil;1;Pandora box;true;Pagot, Alcante;Dupuis;2800136278;;;2014-04-22 05:06:20 UTC
La paresse;2;Pandora box;true;Radovanovic, Alcante;Dupuis;2800136286;;;2014-04-22 05:06:20 UTC
La gourmandise;3;Pandora box;true;Dupré, Alcante;Dupuis;2800136308;;;2014-04-22 05:06:20 UTC
La luxure;4;Pandora box;true;Pignault, Alcante;Dupuis;2800136294;;;2014-04-22 05:06:20 UTC
L'avarice;5;Pandora box;true;Juszezak, Alcante;Dupuis;2800137452;;;2014-04-22 05:06:20 UTC
L'envie;6;Pandora box;true;Henriet, Alcante;Dupuis;2800137460;;;2014-04-22 05:06:20 UTC
La colère;7;Pandora box;true;Damour, Alcante;Dupuis;2800137479;;;2014-04-22 05:06:20 UTC
L'espérance;8;Pandora box;true;Pagot, Alcante;Dupuis;2800137487;;;2014-04-22 05:06:20 UTC
Bâtarde;1;Rani;true;Van Hamme, Alcante, Valles;Lombard;2803625989;;;2014-04-22 05:06:20 UTC
Brigande;2;Rani;true;Van Hamme, Alcante, Valles;Lombard;2803627523;;;2014-04-22 05:06:20 UTC
Esclave;3;Rani;true;Van Hamme, Alcante, Valles;Lombard;2803629739;;;2014-04-22 05:06:20 UTC
On air;1;Reality show;true;Francis Porcel, J.D. Morvan;Dargaud;2871294992;;;2014-04-22 05:06:20 UTC
Direct live;2;Reality show;true;Francis Porcel, J.D. Morvan;Dargaud;B00DYRSIRS;;;2014-04-22 05:06:20 UTC
Final cut;3;Reality show;true;Francis Porcel, J.D. Morvan;Dargaud;B00DYSGYFU;;;2014-04-22 05:06:20 UTC
Reconquista channel;4;Reality show;true;Francis Porcel, J.D. Morvan;Dargaud;287129884X;;;2014-04-22 05:06:20 UTC
Total audimat;5;Reality show;true;Francis Porcel, J.D. Morvan;Dargaud;2505003548;;;2014-04-22 05:06:20 UTC
1;1;Re-mind;true;Mutti & Alcante;Dargaud;250501499X;2012-09-13 00:00:00 UTC;;2014-04-22 05:06:20 UTC
Uss nebraska;1;Sanctuaire;true;Xavier Dorison, Christophe Bee;Les humanoÎdes associés;2731614587;;;2014-04-22 05:06:20 UTC
Le puits des abîmes;2;Sanctuaire;true;Xavier Dorison, Christophe Bee;Les humanoÎdes associés;2731661445;;;2014-04-22 05:06:20 UTC
Môth;3;Sanctuaire;true;Xavier Dorison, Christophe Bee;Les humanoÎdes associés;2731663081;;;2014-04-22 05:06:20 UTC
Corruption;1;Section financière;true;Malka, Mutti;Vents d'ouest;2749302544;;;2014-04-22 05:06:20 UTC
Délit d'initié;2;Section financière;true;Malka, Mutti;Vents d'ouest;2749303494;;;2014-04-22 05:06:20 UTC
Neuro-terrorisme;3;Section financière;true;Malka, Mutti;Vents d'ouest;274930458X;;;2014-04-22 05:06:20 UTC
Paradis artificiels;4;Section financière;true;Malka, Mutti;Vents d'ouest;2749305497;;;2014-04-22 05:06:20 UTC
Morsure;1;Tatanka;true;Callède, Séjourné, Verney;Delcourt;2840558432;;;2014-04-22 05:06:20 UTC
Flash mortel;1;Thomas Silane;true;Buendia, Chanoinat, Lécossois;Grand angle;B003WW25MY;;http://ecx.images-amazon.com/images/I/51MKV22BT9L._.jpg;2014-04-22 05:06:20 UTC
Le tueur de noël;2;Thomas Silane;true;Buendia, Chanoinat, Lécossois;Grand angle;2915309582;;;2014-04-22 05:06:20 UTC
Tempêtes;3;Thomas Silane;true;Buendia, Chanoinat, Lécossois;Grand angle;2915309957;;;2014-04-22 05:06:20 UTC
Objectifs;4;Thomas Silane;true;Buendia, Chanoinat, Zaghi;Grand angle;2350783014;;;2014-04-22 05:06:20 UTC
La magicienne trahie;1;Thorgal;true;Rosinski, Van Hamme;Lombard;2803603586;;;2014-04-22 05:06:20 UTC
L'île des mers gelées;2;Thorgal;true;Rosinski, Van Hamme;Lombard;2803603594;;;2014-04-22 05:06:20 UTC
Les 3 vieillards du pays d'Aran;3;Thorgal;true;Rosinski, Van Hamme;Lombard;2803600013;;;2014-04-22 05:06:20 UTC
La galere noire;4;Thorgal;true;Rosinski, Van Hamme;Lombard;2803600269;;;2014-04-22 05:06:20 UTC
Au-dela des ombres;5;Thorgal;true;Rosinski, Van Hamme;Lombard;2803604078;;;2014-04-22 05:06:20 UTC
La chute de Brek Zarith;6;Thorgal;true;Rosinski, Van Hamme;Lombard;2803604515;;;2014-04-22 05:06:20 UTC
L'enfant des étoiles;7;Thorgal;true;Rosinski, Van Hamme;Lombard;2803604604;;;2014-04-22 05:06:20 UTC
Alinoë;8;Thorgal;true;Rosinski, Van Hamme;Lombard;847904487X;;;2014-04-22 05:06:20 UTC
Les archers;9;Thorgal;true;Rosinski, Van Hamme;Lombard;B003WTRP18;;https://images-na.ssl-images-amazon.com/images/I/51NX8sm7EdL._SX374_BO1,204,203,200_.jpg;2014-04-22 05:06:20 UTC
Le pays Qâ;10;Thorgal;true;Rosinski, Van Hamme;Lombard;280360549X;;;2014-04-22 05:06:20 UTC
Les yeux de Tanatloc;11;Thorgal;true;Rosinski, Van Hamme;Lombard;2803605767;;;2014-04-22 05:06:20 UTC
La cité du dieu perdu;12;Thorgal;true;Rosinski, Van Hamme;Lombard;2803606399;;;2014-04-22 05:06:20 UTC
La couronne d'OgotaÏ;21;Thorgal;true;Rosinski, Van Hamme;Lombard;2803611619;;;2014-04-22 05:06:20 UTC
Géants;22;Thorgal;true;Rosinski, Van Hamme;Lombard;2803612208;;;2014-04-22 05:06:20 UTC
Le mal bleu;25;Thorgal;true;Rosinski, Van Hamme;Lombard;2803614146;;;2014-04-22 05:06:20 UTC
Le royaume sous le sable;26;Thorgal;true;Rosinski, Van Hamme;Lombard;2803616653;;;2014-04-22 05:06:20 UTC
Le barbare;27;Thorgal;true;Rosinski, Van Hamme;Lombard;2803617757;;;2014-04-22 05:06:20 UTC
Kriss de Valnor;28;Thorgal;true;Rosinski, Van Hamme;Lombard;8498142296;2005-06-09 00:00:00 UTC;;2014-04-22 05:06:20 UTC
Le sacrifice;29;Thorgal;true;Rosinski, Van Hamme;Lombard;2803621983;;;2014-04-22 05:06:20 UTC
Moi, Jolan;30;Thorgal;true;Rosinski, Van Hamme;Lombard;2803622653;;;2014-04-22 05:06:20 UTC
Le bouclier de thor;31;Thorgal;true;Rosinski, Sente;Lombard;2803624869;;;2014-04-22 05:06:20 UTC
La bataille d'Asgard;32;Thorgal;true;Rosinski, Sente;Lombard;280362754X;;;2014-04-22 05:06:20 UTC
Le bateau-sabre;33;Thorgal;true;Rosinski, Sente;Lombard;280362995X;;;2014-04-22 05:06:20 UTC
Kah-Aniel;34;Thorgal;true;Rosinski, Sente;Lombard;2803632993;;;2014-04-22 05:06:20 UTC
Le berger des âmes;1;Tokyo ghost;true;Jarry, Djief;Soleil;2849464848;;;2014-04-22 05:06:20 UTC
Edo;2;Tokyo ghost;true;Jarry, Djief, Comtois;Soleil;2849466034;;;2014-04-22 05:06:20 UTC
La comtesse Volodine;1;Tony Corso;true;Berlion;Dargaud;2205055674;;;2014-04-22 05:06:20 UTC
Prime time;2;Tony Corso;true;Berlion;Dargaud;2205057316;;;2014-04-22 05:06:20 UTC
Igor, mon frère;1;Vlad;true;Swolfs, Griffo;Lombard;2803614995;;;2014-04-22 05:06:20 UTC
Le maître de Novijanka;2;Vlad;true;Swolfs, Griffo;Lombard;2803616297;;;2014-04-22 05:06:20 UTC
Zone rouge;3;Vlad;true;Swolfs, Griffo;Lombard;280361734X;;;2014-04-22 05:06:20 UTC
Dernière issue;4;Vlad;true;Swolfs, Griffo;Lombard;B00DYO5C9I;;;2014-04-22 05:06:20 UTC
Taïga;5;Vlad;true;Swolfs, Griffo;Lombard;2803618796;;;2014-04-22 05:06:20 UTC
Opération deluge;6;Vlad;true;Swolfs, Griffo;Lombard;2803619903;;;2014-04-22 05:06:20 UTC
15 novembre;7;Vlad;true;Swolfs, Griffo;Lombard;280362088X;2006-01-13 00:00:00 UTC;;2014-04-22 05:06:20 UTC
La mission;1;Wayne Shelton;true;Denayer, Van Hamme;Dargaud;281050623X;;;2014-04-22 05:06:20 UTC
La trahison;2;Wayne Shelton;true;Denayer, Van Hamme;Dargaud;2810506248;;;2014-04-22 05:06:20 UTC
Le contrat;3;Wayne Shelton;true;Denayer, Van Hamme;Dargaud;2871295174;;;2014-04-22 05:06:20 UTC
Le survivant;4;Wayne Shelton;true;Denayer, Cailleteau;Dargaud;2871296790;;;2014-04-22 05:06:20 UTC
La vengeance;5;Wayne Shelton;true;Denayer, Cailleteau;Dargaud;2505015112;;;2014-04-22 05:06:20 UTC
L'otage;6;Wayne Shelton;true;Denayer, Cailleteau;Dargaud;2505000190;;;2014-04-22 05:06:20 UTC
La lance de longinus;7;Wayne Shelton;true;Denayer, Cailleteau;Dargaud;2505003629;;;2014-04-22 05:06:20 UTC
La nuit des aigles;8;Wayne Shelton;true;Denayer, Cailleteau;Dargaud;2505006105;;;2014-04-22 05:06:20 UTC
Western;1;Western;true;Rosinski, Van Hamme;Lombard;2803624680;2008-11-28 00:00:00 UTC;;2014-04-22 05:06:20 UTC
Le jour du soleil noir;1;XIII;true;Vance, Van Hamme;Dargaud;2871290008;;;2014-04-22 05:06:21 UTC
La où va l'Indien;2;XIII;true;Vance, Van Hamme;Dargaud;2871290016;;;2014-04-22 05:06:21 UTC
Toutes les larmes de l'enfer;3;XIII;true;Vance, Van Hamme;Dargaud;2871290083;;;2014-04-22 05:06:21 UTC
Spads;4;XIII;true;Vance, Van Hamme;Dargaud;B004HBY7E8;;http://static.fnac-static.com/multimedia/images_produits/ZoomPE/0/3/2/9782871290230.jpg;2014-04-22 05:06:21 UTC
Rouge total;5;XIII;true;Vance, Van Hamme;Dargaud;287129044X;;;2014-04-22 05:06:21 UTC
Le dossier Jason Fly;6;XIII;true;Vance, Van Hamme;Dargaud;2871290598;;;2014-04-22 05:06:21 UTC
La nuit du 3 aôut;7;XIII;true;Vance, Van Hamme;Dargaud;2871290628;;;2014-04-22 05:06:21 UTC
Treize contre un;8;XIII;true;Vance, Van Hamme;Dargaud;2871290652;;;2014-04-22 05:06:21 UTC
Pour maria;9;XIII;true;Vance, Van Hamme;Dargaud;2871290660;;;2014-04-22 05:06:21 UTC
El cascador;10;XIII;true;Vance, Van Hamme;Dargaud;849814132X;;;2014-04-22 05:06:21 UTC
Trois montres d'argent;11;XIII;true;Vance, Van Hamme;Dargaud;2871290814;;;2014-04-22 05:06:21 UTC
Le jugement;12;XIII;true;Vance, Van Hamme;Dargaud;2871291179;;;2014-04-22 05:06:21 UTC
L'enquête;13;XIII;true;Vance, Van Hamme;Dargaud;2871290911;;;2014-04-22 05:06:21 UTC
Secret défense;14;XIII;true;Vance, Van Hamme;Dargaud;2871292973;;;2014-04-22 05:06:21 UTC
Lâchez les chiens;15;XIII;true;Vance, Van Hamme;Dargaud;2871294526;;;2014-04-22 05:06:21 UTC
Opération montecristo;16;XIII;true;Vance, Van Hamme;Dargaud;2871295921;;;2014-04-22 05:06:21 UTC
L'or de maximilien;17;XIII;true;Vance, Van Hamme;Dargaud;287129755X;;;2014-04-22 05:06:21 UTC
Le dernier round;18;XIII;true;Vance, Van Hamme;Dargaud;2810502587;;http://ecx.images-amazon.com/images/I/51uW2qLxwiL._.jpg;2014-04-22 05:06:21 UTC
La version irlandaise;19;XIII;true;Vance, Van Hamme;Dargaud;2505002851;;http://ecx.images-amazon.com/images/I/51mLpLq9JDL._.jpg;2014-04-22 05:06:21 UTC
Le jour du mayflower;20;XIII;true;Jigounov, Sente;Dargaud;2505012946;;;2014-04-22 05:06:21 UTC
La mangouste;1;XIII Mystery;true;Meyer, Dorison;Dargaud;2505004722;2008-10-02 00:00:00 UTC;;2014-04-22 05:06:21 UTC
Irina;2;XIII Mystery;true;Corbeyran, Berthet;Dargaud;250500692X;;;2014-04-22 05:06:21 UTC
Little Jones;3;XIII Mystery;true;Henninot, Yann;Dargaud;2505009791;;;2014-04-22 05:06:21 UTC
Colonel Amos;4;XIII Mystery;true;Alcante, Boucq;Dargaud;2505011559;;;2014-04-22 05:06:21 UTC
Le mangeur de chagrin;1;Yiya;true;Pecqueur, Gajic;Delcourt;2756018236;;;2014-04-22 05:06:21 UTC
Dollymorphing;1;Yoni;true;Berthet, Yann;Dupuis;280013593X;;;2014-04-22 05:06:21 UTC
Le cycle du vide;9;Okko;true;Hub;Delcourt;B00K5MXBU4;2014-05-21 00:00:00 UTC;;2014-06-23 03:58:30 UTC
Leur grand secret;2;Groom lake;true;Jean-Jacques Dzialowski, Hervé Richez;Grand angle;2350782506;;;2014-11-17 18:12:52 UTC
Soliloquy;4;Groom lake;true;Jean Jacques Dzialowski, Hervé Richez;Grand Angle;2350784673;;;2014-11-17 18:12:59 UTC
La légende de Blarney Stone;3;Groom lake;true;Jean Jacques Dzialowski, Hervé Richez;Grand Angle;2350784665;;;2014-11-17 18:13:04 UTC
La Neuvième Famille;11;Le scorpion;true;Marini, Desberg;Dargaud;B00O8TUV58;2014-11-07 00:00:00 UTC;;2014-12-25 19:14:00 UTC
Chassé-Croisé;19;Cassio;true;Jean Van Hamme, Philippe Francq;Dupuis;B00M1WLQGM;2014-11-14 00:00:00 UTC;;2014-12-26 17:15:21 UTC
Le Peintre des Morts;8;Cassio;true;Stephen Desberg, Henri Reculé;Le Lombard;2803633795;2014-06-05 00:00:00 UTC;;2014-12-27 13:31:28 UTC
Saison 2 : Tome 8;8;Black Op;true;Stephen Desberg, Labiano;Dargaud;2205073435;2014-11-06 00:00:00 UTC;;2014-12-27 23:08:03 UTC
Cycle 1 : Histoire complète;1;L'ambulance 13;true;Cothias, Ordas, Bouet;Grand Angle;2818926424;;;2014-12-29 23:30:17 UTC
Constellation;1;Deepwater Prison;true;Christophe Bec, Stefano Raffaele;Soleil;B00IYI9NTE;2014-03-05 00:00:00 UTC;;2014-12-30 23:59:13 UTC
Le Bloc;2;Deepwater Prison;true;Christophe Bec, Stefano Raffaele;Soleil;B00NIWIH70;2014-09-24 00:00:00 UTC;;2014-12-30 23:59:41 UTC
La Cire qui chante;5;Les éternels;true;Yann, Félix Meynet;Dargaud;220505905X;2010-05-06 00:00:00 UTC;;2015-01-01 21:57:30 UTC
Le Cercueil de Glace;6;Les éternels;true;Yann, Félix Meynet;Dargaud;2205063782;2010-11-25 00:00:00 UTC;;2015-01-01 21:58:54 UTC
La dame dragon;1;Les reines de sang;false;Philippe Nihoul, Fabio Mantovani;Delcourt;B00VHWOWMC;2015-04-01 00:00:00 UTC;;2015-07-06 22:56:14 UTC
Le messager du cosmos;7;Arctica;true;Daniel Pecqueur, Kovacevic, Schelle;Delcourt;2756059757;;;2015-07-06 22:58:21 UTC
L'école des loups solitaires;1;Senseï;true;Jean-François Di Giorgio, Vax;Soleil;B00VEHYITM;2015-04-01 00:00:00 UTC;;2015-07-06 22:59:36 UTC
Le message du martyr;23;XIII;true;Yves Sente, Jigounov;Dargaud;2505060037;2014-11-28 00:00:00 UTC;;2015-09-07 10:12:25 UTC
L'appât;21;XIII;true;Yves Sente, Jean Van Hamme;Dargaud;250501504X;2012-11-29 00:00:00 UTC;;2015-09-07 10:13:52 UTC
Retour à Greenfalls;22;XIII;true;Yves Sente, Jigounov;Dargaud;2505017999;2013-11-21 00:00:00 UTC;;2015-09-07 10:14:53 UTC
Steve Rowland;5;XIII Mystery;true;Richard Guérineau, Fabien Nury;Dargaud;2505013438;2012-10-04 00:00:00 UTC;;2015-09-07 10:18:04 UTC
Le Royaume souterrain;2;Lancaster;true;Christophe Bec, Jean-Jacques Dzialowski;Glénat BD;B00KR9B8G4;2014-06-11 00:00:00 UTC;;2015-09-07 10:20:05 UTC
L'Oligarque;1;Koralovski;true;Gauckler;Le Lombard;B00T324CPK;2015-02-27 00:00:00 UTC;;2015-09-08 20:10:40 UTC
Dans l'Ombre du monde;2;Koralovski;true;Philippe Gauckler;Le Lombard;B013C642SO;2015-08-28 00:00:00 UTC;;2015-09-08 20:11:53 UTC
Le Feu d'Hadès;1;Drones;false;Sylvain Runberg;Le Lombard;B013C641SK;2015-08-21 00:00:00 UTC;;2015-09-08 20:13:15 UTC
Le croque-mort, le clochard et l'assassin;1;Stern;true;Frédéric Maffre;Dargaud;B013BVIT48;2015-08-21 00:00:00 UTC;;2015-09-08 20:14:26 UTC
L'île des Enfants perdus;6;Les mondes de Thorgal;true;Xavier Dorison, Mathieu Mariolle;Le Lombard;280363547X;2015-11-13 00:00:00 UTC;;2015-12-27 15:55:09 UTC
Solo;2;Alpha - premières armes;true;Eric Loutte, Emmanuel Herzet;Le Lombard;2803632365;2015-11-27 00:00:00 UTC;;2015-12-27 15:55:50 UTC
Les Fugitifs;11;Golden city;true;Daniel Pecqueur, Nicolas Malfin;Delcourt;B018MXOIJA;2015-11-25 00:00:00 UTC;;2015-12-27 15:57:10 UTC
Dragon blanc;2;Senseï;true;Jean-François Di Giorgio, Vax;Soleil;B016Q6YWZ0;2015-10-21 00:00:00 UTC;;2015-12-27 15:58:07 UTC
Le cycle du vide 2;10;Okko;true;Hub;Delcourt;B018MXOIJU;2015-11-12 00:00:00 UTC;;2015-12-27 15:58:53 UTC
Felicity Brown;9;XIII Mystery;true;Matz;Dargaud;2505063494;2015-10-09 00:00:00 UTC;;2015-12-27 16:00:22 UTC
20 secondes;20;Largo Winch;true;Philippe Francq, Jean Van Hamme;Dupuis;2800165510;2015-11-20 00:00:00 UTC;;2015-12-27 16:02:00 UTC
La Première peau;1;Le Chant des Runes;true;Sylvain Runberg, Jean-Charles Poupard;Glénat;B019NQS1GQ;2016-01-13 00:00:00 UTC;;2016-12-27 21:45:14 UTC
Ultimatum;8;Arctica;true;Bojan Kovacevic, Daniel Pecqueur;Delcourt;2756071048;2016-11-09 00:00:00 UTC;;2016-12-27 21:46:11 UTC
Kim Nelson;13;Djinn;true;Ana Mirallès, Jean Dufaux;Dargaud;2505063532;2016-10-14 00:00:00 UTC;;2016-12-30 15:57:44 UTC
Tome 3;3;L'étoile du désert;true;Hugues Labiano, Enrico Marini, Maffre, Stephen Desberg;Dargaud;2505065330;2016-09-23 00:00:00 UTC;;2016-12-30 16:03:28 UTC
Livre V;5;Les aigles de rome;true;Enrico Marini;Dargaud;B01MDV86EY;2016-11-04 00:00:00 UTC;;2016-12-30 16:04:18 UTC
Le truck infernal;6;Golden cup;true;Daniel Pecqueur, Alain Henriet;Delcourt;B00X7DSLFS;2015-02-18 00:00:00 UTC;;2017-01-01 17:43:59 UTC
Le feu écarlate;35;Thorgal;true;Xavier Dorison, Grzegorz Rosinski;Le Lombard;2803635488;2016-11-10 00:00:00 UTC;;2017-01-01 17:44:53 UTC
Plus-values sur la Mort;15;I.R.$;true;Stephen Desberg;Le Lombard;B00O8TS0OW;2014-10-31 00:00:00 UTC;;2017-01-01 17:46:00 UTC
Calvin Wax;10;XIII Mystery;true;Fred Duval;Dargaud;B01LYK0Q98;2016-10-28 00:00:00 UTC;;2017-01-01 17:47:04 UTC
L'Héritage de Jason Mac Lane;24;XIII;true;Iouri Jigounov, Bérengère Marquebreucq, Yves Sente;Dargaud;2505063516;2016-06-10 00:00:00 UTC;;2017-01-01 17:47:48 UTC
Larry's paradise;17;I.R.$;true;Bernard Vrancken, Bérengère Marquebreucq, Stephen Desberg;Le Lombard;2803636999;2016-09-02 00:00:00 UTC;;2017-01-03 21:43:58 UTC
Options sur la Guerre;16;I.R.$;true;Stephen Desberg;Le Lombard;B015XOW5KK;2015-10-02 00:00:00 UTC;;2017-01-03 21:44:35 UTC
Kate's Hell;18;I.R.$;true;Stephen Desberg;Le Lombard;B07215HY7B;2017-06-16 00:00:00 UTC;;2017-08-26 08:55:30 UTC
Jonathan Fly;11;XIII Mystery;true;Luc Brunschwig;Dargaud;2505066663;2017-06-02 00:00:00 UTC;;2017-08-26 09:14:57 UTC
Vendetta;13;Wayne Shelton;true;Jean Van Hamme, Christian Denayer;Dargaud;2505064830;2017-08-25 00:00:00 UTC;;2017-08-26 09:15:41 UTC
Les Douze;1;Neige Origines;true;Didier Convard, Éric Adam, Fred Vignaux;Glénat BD;B015FM77OY;2015-09-23 00:00:00 UTC;;2017-08-26 09:16:50 UTC
Eden;2;Neige Origines;true;Didier Convard, Éric Adam, Fred Vignaux;Glénat BD;B01LWUQOQ7;2016-09-21 00:00:00 UTC;;2017-08-26 09:17:17 UTC
Commando noir;9;Arctica;true;Daniel Pecqueur, Bojan Kovacevic;Delcourt;B075V7VJ7D;2017-10-11 00:00:00 UTC;;2017-12-29 21:19:01 UTC
Nidhogg;7;Thorgal Louve;true;Surzhenko, Yann;Le Lombard;8328119765;;https://images-na.ssl-images-amazon.com/images/I/615bneXMmFL._SX373_BO1,204,203,200_.jpg;2017-12-29 21:25:43 UTC
La montagne du temps;7;Thorgal Kriss de Valnor;true;Vignaux, Dorison, Mariolle;Le Lombard;2803637022;2017-11-10 00:00:00 UTC;;2017-12-29 21:30:42 UTC
Ceux qui restent;1;Les vieux fourneaux;true;Wilfrid Lupano;Dargaud;2505019932;2014-04-11 00:00:00 UTC;;2017-12-30 11:55:37 UTC
Opération Copperhead;0;Opération Copperhead;true;Jean Harambat;Dargaud;2205074849;2017-09-29 00:00:00 UTC;;2017-12-30 11:57:32 UTC
Islandia;1;Conquêtes;true;Jean-Luc Istin, Eber Evangelista;Soleil;2302071301;2018-09-12 00:00:00 UTC;;2018-09-19 21:17:10 UTC
Aniel;36;Thorgal;true;Yann, Rosinski;Le Lombard;;;https://images-na.ssl-images-amazon.com/images/I/51ioOwaJ1RL._SX374_BO1,204,203,200_.jpg;2019-12-24 23:54:19 UTC
L'Ermite de Skellingar;37;Thorgal;true;Vignaux, Yann;Le Lombard;;;https://images-na.ssl-images-amazon.com/images/I/51GqDGqwiVL._SX371_BO1,204,203,200_.jpg;2019-12-24 23:57:21 UTC
Tseu Hi la dame dragon;2;Les reines de sang;false;Nihoul, Mantovani;Delcourt;;;https://images-na.ssl-images-amazon.com/images/I/61rlc7jMSfL._SX357_BO1,204,203,200_.jpg;2019-12-25 00:00:48 UTC
Post-Trauma;2;Drones;true;Louis, Runberg, Daviet;Le Lombard;;;https://images-eu.ssl-images-amazon.com/images/I/51BxoV3Z90L.jpg;2019-12-25 00:02:14 UTC
2132 mètres;26;XIII;true;Jigounov, Sente;Dargaud;;;https://images-na.ssl-images-amazon.com/images/I/41etW7VDZ9L._SX389_BO1,204,203,200_.jpg;2019-12-25 00:03:37 UTC
Le mauvaise augure;12;Le scorpion;true;Marini, Desberg;Dargaud;;;https://images-na.ssl-images-amazon.com/images/I/51MryWrOy3L._SX372_BO1,204,203,200_.jpg;2019-12-25 00:04:58 UTC
Amber;13;Golden city;true;Pecqueur, Schelle, Malfin;Delcourt;;;https://images-na.ssl-images-amazon.com/images/I/41FysKzsBRL._SX373_BO1,204,203,200_.jpg;2019-12-25 00:07:17 UTC
Bonny and Pierrot;2;Les vieux fourneaux;true;Lupano, Cauuet;Dargaud;;;https://images-na.ssl-images-amazon.com/images/I/5135BEnGhUL._SX376_BO1,204,203,200_.jpg;2019-12-25 00:09:26 UTC
L'étoile du matin;21;Largo Winch;true;Giacometti, Francq;Dupuis;2800168617;2017-10-06 00:00:00 UTC;https://images-na.ssl-images-amazon.com/images/I/51xOZfZBbML._SX378_BO1,204,203,200_.jpg;2019-12-26 00:48:19 UTC
Les voiles écarlates;22;Largo Winch;true;Giacometti, Francq;Dupuis;B07T2H6SCQ;2019-11-15 00:00:00 UTC;https://images-na.ssl-images-amazon.com/images/I/51NSFl5Vn%2BL._SX376_BO1,204,203,200_.jpg;2019-12-26 00:50:10 UTC
Deluvenn;2;Conquêtes;true;Jarry, Héban, Benoit;Soleil;2302074106;2019-01-23 00:00:00 UTC;https://images-na.ssl-images-amazon.com/images/I/51c6NaHSAQL._SY344_BO1,204,203,200_.jpg;2019-12-26 23:32:53 UTC
Decornum;3;Conquêtes;true;Jarry, Crety, Héban;Soleil;;;https://images-na.ssl-images-amazon.com/images/I/519-UnecgQL._SX373_BO1,204,203,200_.jpg;2020-01-01 14:11:36 UTC
Uranie;4;Conquêtes;true;Jarry, Crety, Héban;Soleil;;;https://images-na.ssl-images-amazon.com/images/I/51zW6n0cFwL._SX373_BO1,204,203,200_.jpg;2020-01-01 14:12:44 UTC
Jusqu'au dernier;1;Jusqu'au dernier;true;Félix, Gastine;Grand angle;;;https://images-na.ssl-images-amazon.com/images/I/51eBQ7DD9FL._SX377_BO1,204,203,200_.jpg;2020-01-01 14:14:36 UTC
Ombre-montagne;1;Le Serpent et la Lance;true;Li, Hub;Delcourt;;;https://images-na.ssl-images-amazon.com/images/I/41nEOgy-j7L._SX357_BO1,204,203,200_.jpg;2020-01-01 14:16:30 UTC
Celui qui part;3;Les vieux fourneaux;true;Lupano, Cauuet;Dargaud;;;https://images-na.ssl-images-amazon.com/images/I/51%2Bswmgl19L._SX376_BO1,204,203,200_.jpg;2020-01-01 14:18:05 UTC
Nymphéas noirs;0;Nymphéas noirs;true;Duval, Bussi, Cassegrain;Dupuis;2800173505;2019-01-25 00:00:00 UTC;https://images-na.ssl-images-amazon.com/images/I/51NarS5sXuL._SX258_BO1,204,203,200_.jpg;2020-01-13 13:31:07 UTC
Le complot;10;Arctica;true;Pecqueur, Kovacevic, Schelle;Delcourt;;;https://images-na.ssl-images-amazon.com/images/I/51RX05edkgL._SX373_BO1,204,203,200_.jpg;2020-12-26 05:37:37 UTC
Invasion;11;Arctica;true;Pecqueur, Kovacevic, Schelle;Delcourt;;;https://images-na.ssl-images-amazon.com/images/I/51hoxISBNrL._SX373_BO1,204,203,200_.jpg;2020-12-26 05:38:59 UTC
Tamose l'égyptien;13;Le scorpion;true;Critone, Desberg;Dargaud;;;https://images-na.ssl-images-amazon.com/images/I/91jB5axznGL.jpg;2020-12-28 03:10:43 UTC
Les seigneurs financiers;19;I.R.$;true;Vrancken, Desberg;Le Lombard;;;https://m.media-amazon.com/images/I/51cSwHGa-wL.jpg;2020-12-28 03:34:10 UTC
Les démons boursiers;20;I.R.$;true;Vrancken, Desberg;Le Lombard;;;https://m.media-amazon.com/images/I/51eutx1Z-tL.jpg;2020-12-28 03:36:47 UTC
La chute des anges;21;I.R.$;true;Vrancken, Desberg;Le Lombard;;;https://m.media-amazon.com/images/I/51JHTkP4lWL.jpg;2020-12-28 03:39:06 UTC
La Selkie;38;Thorgal;true;Vignaux, Yann;Le Lombard;;;https://images-na.ssl-images-amazon.com/images/I/51X7LKXVMDL._SX375_BO1,204,203,200_.jpg;2020-12-28 03:41:44 UTC
La magicienne;4;Les vieux fourneaux;true;Lupano, Cauuet;Dargaud;;;https://images-na.ssl-images-amazon.com/images/I/81pOzedp-aL.jpg;2020-12-28 03:44:05 UTC
Bons pour l'asile;5;Les vieux fourneaux;true;Lupano, Cauuet;Dargaud;;;https://images-na.ssl-images-amazon.com/images/I/91W-G1wiH9L.jpg;2020-12-28 03:45:54 UTC
L'oreille bouchée;6;Les vieux fourneaux;true;Lupano, Cauuet;Dargaud;;;https://images-na.ssl-images-amazon.com/images/I/91PUZHAz+5L.jpg;2020-12-28 03:47:33 UTC
Des horizon de feu;3;Koralovski;false;Gauckler;Lombard;9782803635184;;https://images-na.ssl-images-amazon.com/images/I/51ICWv0dw-L._SX371_BO1,204,203,200_.jpg;2021-12-26 23:07:15 UTC
Mémoire rechargée;27;XIII;false;Jigounov, Senté;Dargaud;9782505083320;;https://images-eu.ssl-images-amazon.com/images/I/513sjmK21VL._SX218_BO1,204,203,200_QL40_ML2_.jpg;2021-12-26 23:10:37 UTC
L'étoile du désert;4;L'étoile du désert;false;Hugues Labiano, Enrico Marini, Maffre, Stephen Desberg;Dargaud;9782505069041;;https://images-eu.ssl-images-amazon.com/images/I/41X1qngh5mL._SX218_BO1,204,203,200_QL40_ML2_.jpg;2021-12-26 23:13:33 UTC
Zaroff;0;Zaroff;false;Miville-Deschênes, Runberg;Lombard;9782803672288;;https://images-eu.ssl-images-amazon.com/images/I/5167fySBZ5L._SX218_BO1,204,203,200_QL40_ML2_.jpg;2021-12-26 23:15:58 UTC
L'après Alcatraz;1;Frank Lee;true;Hasteda, Ludovic Chesnot;619 Label;9791033512691;;https://images-na.ssl-images-amazon.com/images/I/51wmRcygNzL._SX373_BO1,204,203,200_.jpg;2022-01-13 04:37:19 UTC
Neokora;39;Thorgal;true;Yann, Vignaux;Le Lombard;9782803680313;;https://images-na.ssl-images-amazon.com/images/I/41eE6KifvEL._SX375_BO1,204,203,200_.jpg;2022-02-06 01:20:12 UTC
Goldorak;1;Goldorak;true;Dorison, Bajram, Cossu, Sentenac, Guillo;Kana;9782505078463;;https://m.media-amazon.com/images/P/B09GGBHLV8.01._SCLZZZZZZZ_SX500_.jpg;2022-05-09 07:31:53 UTC
Dark Web;14;Golden city;false;Pecqueur, Malin, Schelle;Delcourt;9782413039457;;https://m.media-amazon.com/images/P/B09JCMK6LD.01._SCLZZZZZZZ_SX500_.jpg;2022-05-17 19:09:18 UTC
Acte 2: Maison-Vide;2;Le Serpent et la Lance;false;Hub;Delcourt;9782413039624;;https://images-na.ssl-images-amazon.com/images/I/81L7m29AyDL.jpg;2022-05-18 05:58:17 UTC
La Tombe d'un dieu;14;Le scorpion;false;Desberg, Critone;Dargaud;9782505089414;;https://m.media-amazon.com/images/P/B09YDKSVR7.01._SCLZZZZZZZ_SX500_.jpg;2022-06-21 08:29:40 UTC
La Résurrection des condamnés;22;I.R.$;false;Desberg, Vrancken;Le Lombard;9782803676187;;https://m.media-amazon.com/images/P/2803676184.01._SCLZZZZZZZ_SX500_.jpg;2022-06-21 08:31:50 UTC
Fraude à la terre;23;I.R.$;false;Desberg, Vrancken;Le Lombard;9782808205429;;https://m.media-amazon.com/images/P/B09YM8CMLG.01._SCLZZZZZZZ_SX500_.jpg;2022-06-21 08:32:54 UTC
